"IdNormativaRef";"IdNorActual";"IdNorAnterior";"TipoRef"
1;3;2;5
2;4;2;2
3;5;2;1
4;5;3;1
5;5;4;1
6;6;5;1
7;28;11;5
8;36;17;6
9;37;26;5
10;43;31;5
11;46;38;5
12;104;101;5
13;109;18;2
14;113;68;2
15;114;17;2
16;129;76;6
17;130;76;6
18;130;129;6
19;146;142;5
20;124;14;2
21;151;14;1
22;151;124;1
23;183;171;5
24;191;128;5
26;197;114;4
27;209;161;6
28;209;197;6
29;216;197;6
30;218;18;1
31;247;75;4
32;254;244;5
33;257;252;5
34;260;234;1
35;262;252;5
36;262;257;5
37;266;218;2
38;269;16;2
39;270;115;2
40;271;151;2
41;281;235;1
42;282;114;1
43;294;97;1
44;295;281;5
45;299;111;1
46;304;27;1
47;306;260;2
48;310;292;2
49;332;315;5
50;341;211;2
51;395;282;3
52;397;366;2
53;411;151;1
54;411;271;1
55;438;413;1
56;461;187;2
57;480;447;5
58;487;479;2
59;505;211;2
60;505;341;2
61;521;260;2
62;521;306;2
63;534;502;5
64;538;274;2
65;551;170;1
66;554;500;5
67;555;509;5
68;560;394;1
69;561;215;6
70;563;197;2
71;580;236;2
72;581;460;2
73;598;371;2
76;603;411;2
77;616;218;2
78;616;266;2
79;625;591;2
80;627;260;2
81;627;306;2
82;627;521;2
83;628;25;6
84;629;339;3
85;630;23;1
86;630;22;1
87;630;570;1
88;631;304;1
89;634;371;2
90;634;598;2
91;654;299;2
92;666;460;3
93;666;581;3
96;667;411;2
97;667;603;2
98;672;574;2
99;673;74;1
100;675;236;2
101;675;580;2
102;676;368;1
103;695;667;5
104;706;686;2
105;707;687;2
106;708;460;2
107;708;581;2
108;708;666;2
109;727;687;2
110;727;707;2
111;730;299;2
112;730;654;2
113;732;218;2
114;732;266;2
115;732;616;2
117;736;654;3
118;736;730;3
119;738;500;2
120;739;500;3
121;739;554;3
122;739;738;3
123;740;630;2
124;741;630;3
125;741;740;3
126;743;7;2
127;744;7;3
128;744;743;3
129;745;197;2
130;745;563;2
131;746;197;3
132;746;563;3
133;746;745;3
134;747;236;1
135;747;580;1
136;758;211;2
137;758;341;2
138;758;211;2
139;759;211;3
140;759;341;3
141;759;505;3
142;759;758;3
143;760;16;2
144;760;269;2
145;761;16;3
146;761;269;3
147;761;760;3
148;762;372;2
149;762;373;2
150;764;676;2
151;765;676;3
152;765;764;3
153;768;335;2
154;769;335;3
155;769;768;3
156;777;751;2
157;781;500;2
158;781;738;2
159;781;739;1
160;784;197;2
161;784;563;2
162;784;745;2
163;784;746;1
164;785;294;1
165;788;500;3
166;788;738;3
168;788;781;3
169;789;197;3
170;789;745;3
172;789;784;3
173;795;415;1
174;804;775;2
175;805;551;2
176;806;551;3
177;806;805;3
178;810;747;2
179;811;747;3
180;811;810;3
181;814;329;2
182;815;329;3
183;815;814;3
184;816;667;1
185;816;695;1
186;817;412;1
187;818;816;5
188;820;576;1
189;828;201;1
190;832;371;2
191;832;598;2
192;832;634;2
193;833;371;3
194;833;598;3
195;833;634;3
196;833;832;3
197;834;115;1
198;834;270;1
199;843;211;2
200;843;341;2
201;843;505;2
202;843;758;2
203;843;759;2
204;844;460;2
205;844;581;2
206;844;666;2
207;844;708;2
208;845;460;3
209;845;581;3
210;845;666;3
211;845;708;3
212;845;844;3
213;847;830;5
214;847;831;5
215;848;478;5
217;851;795;6
218;857;371;2
219;857;598;2
220;857;634;2
221;857;832;2
222;857;833;1
223;858;371;3
224;858;598;3
225;858;634;3
226;858;832;3
228;858;857;3
229;859;243;1
230;860;835;2
231;862;785;2
232;863;785;3
233;863;862;3
234;888;849;2
235;888;855;2
237;855;849;2
238;892;840;2
239;893;840;3
240;893;892;3
241;894;756;2
242;895;756;3
243;895;894;3
244;896;859;1
245;897;460;2
246;897;581;2
250;897;666;2
251;897;708;2
252;897;845;1
253;898;460;3
254;898;581;3
255;898;666;3
256;898;708;3
257;898;844;3
258;898;897;3
259;905;840;2
260;905;892;2
261;905;893;1
262;906;551;2
263;906;805;2
264;906;806;1
265;907;551;3
266;907;805;3
267;907;906;3
268;908;751;2
269;908;777;2
270;908;791;2
271;908;792;2
272;908;793;2
273;910;26;2
274;911;26;3
275;911;910;3
276;912;816;2
277;912;818;2
278;913;197;3
281;913;563;3
282;913;745;3
283;913;784;3
284;913;789;1
285;914;218;2
286;914;266;2
287;914;616;2
288;917;420;2
289;918;886;2
290;920;128;2
291;920;191;6
292;921;128;3
293;921;191;6
294;921;920;3
295;927;574;1
296;927;672;1
297;928;840;2
298;928;892;2
299;928;905;2
300;929;99;6
301;929;834;6
302;931;372;2
303;931;373;2
304;931;762;2
305;932;835;2
306;932;860;2
307;932;899;2
308;933;816;2
309;933;818;2
310;933;912;2
311;934;826;5
312;937;423;1
313;940;816;2
314;940;818;2
315;940;912;2
316;940;933;2
317;945;849;2
318;945;855;2
319;945;888;2
320;946;849;3
321;946;855;3
322;946;888;3
323;946;945;3
324;949;76;2
325;949;129;2
326;959;849;2
327;959;855;2
328;959;888;2
329;959;945;2
330;959;946;1
331;960;849;3
332;960;855;3
333;960;888;3
334;960;945;3
335;960;959;3
336;963;630;2
337;963;740;2
338;963;741;1
339;964;630;3
340;964;740;3
341;964;963;3
342;968;922;2
343;969;922;3
344;969;968;3
345;988;965;2
346;989;966;2
347;989;967;2
348;991;93;2
349;993;643;2
350;994;643;3
351;994;993;3
352;995;676;2
353;995;764;2
354;995;765;1
355;996;676;3
356;996;764;3
357;996;995;3
359;997;736;5
360;1000;20;2
361;1001;20;3
362;1001;1000;3
363;1002;966;2
364;1002;967;2
365;1002;989;2
367;1003;162;2
368;1004;161;3
369;1004;1003;3
370;1005;162;3
371;1005;1003;3
372;1006;16;2
373;1006;269;2
374;1006;760;2
375;1006;761;1
376;1007;16;3
377;1007;269;3
378;1007;760;3
379;1007;1006;3
380;1009;970;6
381;1016;551;2
382;1016;805;2
383;1016;906;2
384;1016;907;1
385;1017;551;3
386;1017;805;3
387;1017;906;3
388;1017;1016;3
389;1026;965;2
390;1026;988;2
391;1027;966;2
392;1027;967;2
393;1027;989;2
394;1027;1002;2
395;1030;162;2
398;1031;162;3
399;1031;1003;3
401;1031;1030;3
402;1032;995;5
403;1032;996;5
405;1037;654;2
406;1037;730;2
407;1037;736;1
408;1038;299;3
409;1038;654;3
410;1038;730;3
411;1038;1037;3
412;1039;631;2
413;1040;631;3
414;1040;1039;3
415;1041;966;2
416;1041;967;2
417;1041;989;2
418;1041;1002;2
419;1041;1027;2
421;1052;795;2
422;1052;851;2
423;1058;204;1
424;1062;218;1
425;1062;266;1
426;1062;616;1
427;1062;914;1
428;1064;679;1
429;1067;281;1
430;1068;202;2
431;1069;202;3
432;1069;1068;3
433;1070;630;2
434;1070;740;2
436;1070;963;2
437;1070;964;7
438;1071;630;3
439;1071;740;3
440;1071;963;3
441;1071;1070;3
442;1079;1074;2
443;1080;965;2
444;1080;988;2
445;1080;1026;2
446;1083;676;2
447;1083;764;2
448;1083;995;2
449;1083;996;1
450;1084;676;3
451;1084;764;3
452;1084;995;3
453;1084;1083;3
454;1089;197;1
455;1089;563;1
456;1089;784;1
458;1089;913;1
459;1090;849;2
460;1090;855;2
461;1090;888;2
463;1090;945;2
465;1090;959;2
466;1090;960;1
467;1094;1061;2
469;1095;1074;2
470;1095;1079;2
471;1096;93;6
473;1096;991;6
474;1097;785;2
475;1097;863;2
476;1098;785;3
477;1098;862;3
478;1098;1097;3
479;1103;1074;2
480;1103;1079;2
481;1103;1095;2
482;1105;460;2
483;1105;581;2
484;1105;666;2
485;1105;708;2
486;1105;844;2
487;1105;897;2
488;1105;898;1
490;1106;834;2
491;1110;21;2
492;1111;21;3
493;1111;1110;3
494;1112;460;3
495;1112;581;3
496;1112;708;3
497;1112;844;3
498;1112;897;3
499;1112;1105;3
500;1113;949;3
501;1113;1106;3
502;1114;1085;5
503;1116;484;1
504;1118;1093;6
505;1130;1116;5
506;1140;630;2
507;1140;740;2
508;1140;963;2
509;1140;1070;2
510;1140;1071;1
511;1141;630;3
512;1141;740;3
513;1141;963;3
514;1141;1070;3
515;1141;1140;3
516;1143;747;3
517;1143;810;3
518;1143;811;1
520;740;315;1
521;1151;1146;2
522;1152;538;2
523;1154;863;2
524;1154;1097;2
527;1161;1144;2
528;1161;1145;2
529;1162;816;1
530;1162;912;1
531;1162;933;1
532;1162;940;1
533;1166;817;1
534;1166;1158;1
535;1170;1165;5
536;1172;1162;5
537;1173;1162;2
538;1187;1162;5
539;1188;1162;3
540;1188;1172;3
541;1188;1187;3
542;1188;1173;3
543;1189;795;1
544;1189;851;1
545;1189;1052;1
547;1191;849;1
548;1191;855;1
549;1191;888;1
550;1191;945;1
551;1191;959;1
552;1199;215;1
553;1200;1061;3
554;1200;1094;3
555;1201;1146;2
556;1204;1085;6
557;1205;747;2
558;1205;810;2
560;1205;1143;1
561;1206;747;3
562;1206;810;3
563;1206;1142;3
564;1206;1205;3
565;1210;1166;2
566;1217;1163;2
567;1219;798;2
568;1220;408;2
569;1221;348;2
570;1223;1108;2
571;1224;1108;3
572;1224;1223;3
573;1227;1144;2
574;1227;1145;2
575;1227;1161;2
576;747;675;1
578;1228;747;2
579;1228;810;2
581;1228;1205;2
583;1228;1206;1
584;1228;1143;2
585;1229;747;3
586;1229;810;3
587;1229;1142;3
588;1229;1205;3
589;1229;1228;3
590;1231;1163;2
591;1234;26;2
592;1234;910;2
593;1234;911;1
594;1235;26;3
595;1235;910;3
596;1235;1234;3
597;1241;1191;2
598;1242;1189;3
599;1242;1241;3
600;1247;7;1
601;1247;743;1
602;1247;744;1
603;1251;896;1
604;1251;1199;1
605;1252;371;2
606;1252;598;2
607;1252;634;2
608;1252;832;2
609;1252;857;2
610;1252;858;1
611;1253;371;3
612;1253;598;3
613;1253;634;3
614;1253;832;3
615;1253;857;3
616;1253;1252;3
617;1254;756;2
618;1254;894;2
619;1254;895;1
620;1255;756;3
621;1255;894;3
622;1255;1254;3
623;1256;57;2
624;1257;57;3
625;1257;1256;3
626;1258;594;1
627;1260;1123;4
628;1261;1125;4
629;1262;1127;4
630;1267;1129;1
631;1270;631;2
632;1270;1039;2
633;1270;1040;1
634;1271;631;3
635;1271;1039;3
636;1271;1270;3
637;1272;673;3
639;197;17;4
642;282;17;1
643;789;563;3
644;1089;745;1
645;1273;1089;1
648;1201;1151;2
649;1274;539;1
650;1277;891;2
651;1278;891;3
652;1278;1277;3
653;1192;1191;6
654;1243;1192;2
655;1243;1191;6
656;1243;1241;6
657;1243;1242;6
658;1280;1191;2
661;1280;1241;2
662;1280;1242;1
663;1272;1280;3
664;1280;673;2
665;1281;1189;3
666;1281;1244;3
667;1281;1280;3
668;1283;1146;2
669;1283;1151;2
670;1283;1201;2
671;1284;1190;2
673;126;15;2
674;127;15;2
675;127;126;2
676;132;15;2
677;132;126;2
678;132;127;2
679;415;15;1
680;415;126;1
681;415;127;1
682;415;132;1
683;540;415;6
684;585;540;2
685;585;415;6
686;618;540;2
687;618;585;2
688;618;415;6
689;716;540;2
690;716;585;2
691;716;618;2
692;716;415;6
693;773;540;2
694;773;585;2
695;773;618;2
696;773;716;2
697;773;415;6
698;795;540;1
699;795;585;1
700;795;618;1
701;795;716;1
702;795;773;1
703;796;795;6
704;852;796;2
705;852;795;6
706;852;851;6
707;885;796;2
708;885;852;2
709;885;795;6
710;885;851;6
711;944;796;2
712;944;852;2
713;944;885;2
714;944;795;6
715;944;851;6
716;999;796;2
717;999;852;2
718;999;885;2
719;999;944;2
720;999;795;6
721;999;851;6
722;1053;796;2
723;1053;852;2
724;1053;885;2
725;1053;944;2
726;1053;999;2
727;1053;795;6
728;1053;851;6
729;1053;1052;6
730;1066;796;2
731;1066;852;2
732;1066;885;2
733;1066;944;2
734;1066;999;2
735;1066;1053;2
736;1066;795;6
737;1066;851;6
738;1066;1052;6
739;1132;796;2
740;1132;852;2
741;1132;885;2
742;1132;944;2
743;1132;999;2
744;1132;1053;2
745;1132;1066;2
746;1132;795;6
747;1132;851;6
748;1132;1052;6
749;1189;796;1
750;1189;852;1
751;1189;885;1
752;1189;944;1
753;1189;999;1
754;1189;1053;1
755;1189;1066;1
756;1189;1132;1
762;947;797;2
763;947;849;6
764;947;855;6
765;947;888;6
766;947;945;6
767;1054;797;2
768;1054;947;2
769;1054;849;6
770;1054;855;6
771;1054;888;6
772;1054;945;6
773;1054;959;6
774;1150;797;2
775;1150;947;2
776;1150;1054;2
777;1150;849;6
778;1150;855;6
779;1150;888;6
780;1150;945;6
781;1150;959;6
782;1150;1090;6
783;1191;1090;1
784;1191;797;1
785;1191;947;1
786;1191;1054;1
787;1191;1150;1
788;230;11;2
789;230;28;2
790;619;11;4
791;619;28;1
792;619;230;1
793;722;619;2
794;886;619;2
795;886;722;2
796;918;619;2
797;918;722;2
798;982;619;1
799;982;722;1
800;982;886;1
801;982;918;1
802;1073;982;2
803;1137;982;2
804;1137;1073;2
805;1287;982;2
806;1287;1073;2
807;1287;1137;2
808;1212;1190;2
809;1284;1212;2
810;1288;1190;3
811;1288;1212;3
812;1288;1284;3
813;816;411;1
814;816;603;1
815;1162;818;1
816;1173;1172;2
817;1289;1162;2
818;1289;1172;2
819;1289;1173;2
820;1289;1187;2
821;1289;1188;1
822;1290;1162;3
824;1290;1172;3
825;1290;1173;3
826;1290;1187;3
827;1290;1289;3
828;1291;1274;5
829;1097;863;1
830;1154;1098;1
831;1154;785;2
832;1292;785;2
833;1292;862;2
834;1292;1097;2
835;1292;1154;2
836;1293;785;3
837;1293;862;3
838;1293;1097;3
839;1293;1154;3
840;1293;1292;3
841;1294;834;2
842;1294;1106;2
843;1294;1113;1
844;1295;834;3
845;1295;1106;3
846;1295;1294;3
847;1298;1191;2
848;1298;1241;2
849;1298;1280;2
850;1298;1281;1
851;1299;1191;3
852;1299;1241;3
853;1299;1280;3
854;1299;1298;3
855;1301;20;2
856;1301;1000;2
857;1301;1001;1
858;1302;20;3
859;1302;1000;3
860;1302;1300;3
861;1304;203;6
862;1305;203;2
865;1306;839;1
866;1193;992;1
867;880;527;1
868;1308;880;2
869;1311;866;2
870;553;424;2
871;661;424;2
872;662;424;2
873;662;553;2
874;663;424;2
875;663;553;2
876;663;662;2
877;717;424;2
878;717;553;2
879;717;662;2
880;717;663;2
881;879;424;2
882;879;553;2
883;879;661;2
884;879;662;2
885;879;663;2
886;879;717;2
888;936;424;2
889;936;553;2
890;936;661;2
891;936;662;2
892;936;663;2
893;936;717;2
894;936;879;2
895;1312;424;2
896;1312;553;2
897;1312;661;2
898;1312;662;2
899;1312;663;2
900;1312;717;2
901;1312;879;2
902;1312;936;2
903;1313;676;1
904;1313;764;1
905;1313;995;1
906;1313;1083;1
907;1313;1084;1
908;1202;372;2
909;1202;373;2
910;1202;762;2
911;1316;372;2
912;1316;373;2
913;1316;762;2
914;1316;1202;2
915;1313;922;4
916;1313;968;4
917;1313;969;1
918;1313;1064;1
919;1315;1297;5
920;1314;1296;5
921;1317;1273;5
922;1318;1099;1
923;1320;1190;2
924;1320;1212;2
925;1320;1284;2
926;1320;1288;1
927;1321;1190;3
928;1321;1212;3
929;1321;1284;3
930;1321;1320;3
931;1323;1319;5
932;1064;694;7
933;1143;1142;3
934;1205;1142;2
935;1325;747;2
936;1325;810;2
937;1325;1142;2
938;1325;1205;2
939;1325;1228;2
940;1325;1229;1
941;1326;747;3
942;1326;810;3
943;1326;1142;3
944;1326;1205;3
945;1326;1228;3
946;1326;1325;3
947;1327;1250;2
948;1331;1327;5
949;1332;1250;3
950;1332;1327;3
951;1332;1331;3
952;1333;834;3
953;1333;1106;3
954;1333;1294;3
955;1333;1295;1
956;1334;1273;2
957;1334;1317;2
958;1335;1273;3
959;1335;1317;3
960;1335;1334;3
961;1336;1191;2
962;1336;1241;2
963;1336;1280;2
964;1336;1298;2
965;1336;1299;1
966;1336;834;2
967;1336;1106;2
968;1336;1294;2
969;1333;1336;3
970;1337;1191;3
971;1337;1241;3
972;1337;1280;3
973;1337;1298;3
974;1337;1336;3
975;1338;1162;2
976;1338;1172;2
977;1338;1173;2
978;1338;1187;2
979;1338;1289;2
981;1339;1162;2
982;1339;1172;2
983;1339;1173;2
985;1339;1289;2
986;1339;1290;1
987;1339;1338;6
988;1340;1162;3
989;1340;1172;3
990;1340;1173;3
991;1340;1187;3
992;1340;1289;3
993;1340;1339;3
994;1340;1338;6
995;1341;1190;2
996;1341;1212;2
997;1341;1284;2
998;1341;1320;2
999;1341;1321;1
1000;1342;1190;3
1001;1342;1212;3
1002;1342;1284;3
1003;1342;1320;3
1004;1342;1341;3
1005;1343;1136;1
1007;715;626;1
1009;1055;980;1
1010;1135;1055;1
1012;1286;1135;1
1013;1136;567;1
1014;1346;1192;2
1015;1346;1243;2
1020;1347;1192;3
1021;1347;1243;3
1022;1347;1346;3
1023;1054;39;2
1024;1054;608;2
1025;1054;718;2
1026;1054;1013;2
1027;849;39;4
1028;1191;39;1
1029;1191;608;1
1030;1191;718;1
1031;1191;1013;1
1032;1339;1173;2
1033;1348;1162;2
1034;1348;1172;2
1035;1348;1173;2
1036;1348;1187;2
1037;1348;1289;2
1038;1348;1339;2
1039;1350;1302;5
1040;1348;1340;1
1048;1351;1162;3
1049;1351;1172;3
1050;1351;1173;3
1051;1351;1187;3
1052;1351;1289;3
1053;1351;1339;3
1054;1351;1348;3
1055;1357;1191;2
1056;1357;1241;2
1057;1357;1280;2
1058;1357;1298;2
1059;1357;1336;2
1060;1357;1337;1
1066;1358;1191;3
1067;1358;1241;3
1068;1358;1280;3
1069;1358;1298;3
1070;1358;1336;3
1071;1358;1357;3
1072;1359;1192;2
1073;1359;1243;2
1074;1359;1346;2
1075;1359;1347;1
1076;1360;1192;3
1077;1360;1243;3
1078;1360;1346;3
1079;1360;1359;3
1080;1036;556;2
1081;1246;556;2
1082;1246;1036;2
1083;1243;1246;6
1084;218;109;1
1085;218;182;1
1086;1198;1062;2
1087;1361;1062;2
1088;1361;1198;2
1089;1362;1062;1
1090;1363;1015;2
1091;1364;1015;3
1092;1364;1363;3
1093;1365;1162;1
1094;1365;1172;2
1095;1365;1173;2
1096;1365;1187;2
1097;1365;1289;2
1098;1365;1339;2
1099;1365;1348;2
1107;1365;1351;1
1108;1366;1365;5
1109;1369;1192;2
1110;1369;1243;2
1111;1369;1346;2
1112;1369;1359;2
1113;1369;1360;1
1114;1370;1192;3
1115;1370;1243;3
1116;1370;1346;3
1117;1370;1359;3
1118;1370;1369;3
1120;1373;1354;6
1121;1375;371;1
1122;1375;598;1
1123;1375;634;1
1124;1375;832;1
1125;1375;857;1
1126;1375;1252;1
1127;1375;1253;1
1128;1377;1296;2
1129;1377;1297;2
1130;1377;1314;2
1131;1377;1315;2
1132;1378;1296;3
1133;1378;1314;3
1134;1378;1377;3
1135;1379;1297;3
1136;1379;1315;3
1137;1379;1377;3
1138;1383;1324;1
1139;1384;1162;2
1140;1384;1172;2
1141;1384;1173;2
1142;1384;1187;2
1143;1384;1289;2
1144;1384;1339;2
1145;1384;1348;2
1146;1384;1365;2
1147;1384;1366;2
1148;1387;1354;5
1149;1389;1192;2
1150;1389;1243;2
1151;1389;1346;2
1152;1389;1359;2
1153;1389;1369;2
1154;1389;1370;1
1155;1244;853;1
1156;1390;1244;2
1157;1391;1192;3
1158;1391;1243;3
1159;1391;1346;3
1160;1391;1359;3
1161;1391;1369;3
1162;1391;1389;3
1163;1392;1244;3
1164;1392;1390;3
1165;1396;1210;6
1166;1397;1210;6
1167;1398;1276;5
1168;1399;1372;5
1169;1372;1276;6
1170;1372;1371;6
1171;1401;1245;2
1172;1402;982;2
1173;1402;1073;2
1174;1402;1137;2
1175;1402;1287;2
1176;1403;982;3
1177;1403;1073;3
1178;1403;1137;3
1179;1403;1287;3
1180;1403;1402;3
1181;1404;986;2
1182;1405;986;3
1183;1405;1404;3
1184;1406;1191;2
1185;1406;1241;2
1186;1406;1280;2
1187;1406;1298;2
1188;1406;1336;2
1189;1406;1357;2
1190;1406;1358;1
1191;1407;1191;3
1192;1407;1241;3
1193;1407;1280;3
1194;1407;1298;3
1195;1407;1336;3
1196;1407;1357;3
1197;1407;1406;3
1198;1408;1192;2
1199;1408;1243;2
1200;1408;1346;2
1201;1408;1359;2
1202;1408;1369;2
1203;1408;1389;2
1204;1408;1391;1
1205;1409;1192;3
1206;1409;1243;3
1207;1409;1346;3
1208;1409;1359;3
1209;1409;1369;3
1210;1409;1389;3
1211;1409;1408;3
1212;1412;21;2
1213;1412;1110;2
1214;1412;1111;1
1215;1413;21;3
1216;1413;1110;3
1218;1413;1412;3
1219;1415;1245;2
1220;1415;1401;2
1221;1418;673;1
1222;1418;1272;1
1223;1419;260;2
1224;1419;306;2
1225;1419;521;2
1226;1419;627;2
1227;1420;260;3
1228;1420;306;3
1229;1420;521;3
1230;1420;627;3
1231;1420;1419;3
1232;1422;747;1
1233;1422;810;1
1235;1422;1205;1
1236;1422;1228;1
1238;1422;1326;1
1239;1423;1191;2
1240;1423;1241;2
1241;1423;1280;2
1242;1423;1298;2
1243;1423;1336;2
1244;1423;1357;2
1245;1423;1406;2
1246;1423;1407;1
1247;1424;1191;3
1248;1424;1241;3
1249;1424;1280;3
1250;1424;1298;3
1251;1424;1336;3
1252;1424;1357;3
1253;1424;1406;3
1254;1424;1423;3
1255;1425;1192;2
1256;1425;1243;2
1257;1425;1346;2
1258;1425;1359;2
1259;1425;1369;2
1260;1425;1389;2
1261;1425;1408;2
1262;1425;1409;1
1263;1426;1107;1
1264;1427;1192;2
1265;1427;1243;2
1266;1427;1346;2
1267;1427;1359;2
1268;1427;1369;2
1269;1427;1389;2
1270;1427;1408;2
1271;1427;1425;2
1272;1428;982;2
1273;1428;1073;2
1274;1428;1137;2
1275;1428;1287;2
1276;1428;1402;2
1277;1428;1403;1
1278;1429;982;3
1279;1429;1073;3
1280;1429;1137;3
1281;1429;1287;3
1282;1429;1402;3
1284;1429;1428;3
1285;1430;734;2
1286;1431;1273;2
1287;1431;1317;2
1288;1431;1334;2
1289;1431;1335;1
1290;1432;1273;2
1291;1432;1317;2
1292;1432;1334;2
1293;1432;1431;2
1294;1434;1268;1
1295;1128;1045;1
1296;1435;734;3
1297;1435;1430;3
1298;1438;1251;2
1299;1439;1251;3
1300;1439;1439;3
1301;1441;785;2
1302;1441;862;2
1303;1441;1097;2
1304;1441;1154;2
1305;1441;1292;2
1306;1441;1293;1
1307;1442;785;3
1308;1442;862;3
1309;1442;1097;3
1310;1442;1154;3
1311;1442;1292;3
1312;1442;1441;3
1313;972;867;1
1314;1448;972;1
1315;1449;1191;2
1316;1449;1241;2
1317;1449;1280;2
1318;1449;1298;2
1319;1449;1336;2
1320;1449;1357;2
1321;1449;1406;2
1322;1449;1423;2
1323;1449;1424;1
1324;1450;1191;3
1325;1450;1241;3
1326;1450;1280;3
1327;1450;1298;3
1328;1450;1336;3
1329;1450;1357;3
1330;1450;1406;3
1331;1450;1423;3
1332;1450;1449;3
1333;1452;880;2
1334;1452;1308;2
1336;981;714;1
1337;1056;981;1
1338;1133;1056;1
1339;1285;1133;1
1340;1453;1285;4
1341;1454;1285;4
1342;1455;1286;1
1343;1457;1190;2
1344;1457;1212;2
1345;1457;1284;2
1346;1457;1320;2
1347;1457;1341;2
1348;1457;1342;1
1349;1458;1190;3
1350;1458;1212;3
1351;1458;1284;3
1352;1458;1320;3
1353;1458;1341;3
1354;1458;1457;3
1384;1459;1192;2
1385;1459;1243;2
1386;1459;1346;2
1387;1459;1359;2
1388;1459;1369;2
1389;1459;1389;2
1390;1459;1408;2
1391;1459;1425;2
1392;1459;1427;1
1393;1460;1192;2
1394;1460;1243;2
1395;1460;1346;2
1396;1460;1359;2
1397;1460;1369;2
1398;1460;1389;2
1399;1460;1408;2
1400;1460;1425;2
1410;1460;1459;2
1411;1461;1192;3
1412;1461;1243;3
1413;1461;1346;3
1414;1461;1359;3
1415;1461;1369;3
1416;1461;1389;3
1417;1461;1408;3
1418;1461;1425;3
1419;1461;1459;3
1420;1461;1460;3
1421;736;299;3
1422;1037;299;2
1423;1037;997;1
1424;1462;299;2
1425;1462;654;2
1426;1462;730;2
1427;1462;1037;2
1428;1463;299;3
1429;1463;654;3
1430;1463;730;3
1431;1463;1037;3
1432;1463;1462;3
1433;204;67;1
1434;204;69;1
1435;740;332;1
1436;1464;1058;2
1437;1465;1058;3
1438;1465;1464;3
1439;1466;1191;2
1440;1466;1241;2
1441;1466;1280;2
1442;1466;1298;2
1443;1466;1336;2
1444;1466;1357;2
1445;1466;1406;2
1446;1466;1423;2
1447;1466;1449;2
1448;1467;1191;3
1449;1467;1241;3
1450;1467;1280;3
1451;1467;1298;3
1452;1467;1336;3
1453;1467;1357;3
1454;1467;1406;3
1455;1467;1423;3
1456;1467;1449;3
1457;1467;1466;3
1458;1469;447;2
1459;1470;447;2
1460;1470;1469;2
1461;1473;1192;2
1462;1473;1243;2
1463;1473;1346;2
1464;1473;1359;2
1465;1473;1369;2
1466;1473;1389;2
1467;1473;1408;2
1468;1473;1425;2
1469;1473;1459;2
1470;1473;1460;2
1471;1473;1461;1
1472;1474;1192;3
1473;1474;1243;3
1474;1474;1346;3
1475;1474;1359;3
1476;1474;1369;3
1477;1474;1389;3
1478;1474;1408;3
1479;1474;1425;3
1480;1474;1459;3
1481;1474;1460;3
1482;1474;1473;3
1483;1067;295;1
1484;1475;1067;2
1485;1476;1067;3
1486;1476;1475;3
1487;1477;299;2
1488;1477;654;2
1489;1477;730;2
1490;1477;1037;2
1491;1477;1462;2
1492;1477;1463;1
1493;1478;299;3
1494;1478;654;3
1495;1478;730;3
1496;1478;1037;3
1497;1478;1462;3
1498;1478;1477;3
1499;1481;1192;2
1500;1481;1243;2
1501;1481;1346;2
1502;1481;1359;2
1503;1481;1369;2
1504;1481;1389;2
1505;1481;1408;2
1506;1481;1425;2
1507;1481;1459;2
1508;1481;1460;2
1509;1481;1473;2
1510;1481;1474;1
1511;1482;1192;3
1512;1482;1243;3
1513;1482;1346;3
1514;1482;1359;3
1515;1482;1369;3
1516;1482;1389;3
1517;1482;1408;3
1518;1482;1425;3
1519;1482;1459;3
1520;1482;1460;3
1521;1482;1473;3
1522;1482;1481;3
1523;1483;982;2
1524;1483;1073;2
1525;1483;1137;2
1526;1483;1287;2
1527;1483;1402;2
1528;1483;1428;2
1529;1483;1429;1
1530;1484;982;3
1531;1484;1073;3
1532;1484;1137;3
1533;1484;1287;3
1534;1484;1402;3
1535;1484;1428;3
1536;1484;1483;3
1537;1487;1354;2
1538;1487;1387;2
1539;1488;1354;3
1540;1488;1387;3
1541;1488;1487;3
1542;897;844;2
1546;1112;666;3
1547;1489;460;2
1548;1489;581;2
1549;1489;666;2
1550;1489;708;2
1551;1489;844;2
1552;1489;897;2
1553;1489;1105;2
1554;1489;1112;1
1555;1490;460;3
1556;1490;581;3
1557;1490;666;3
1558;1490;708;3
1559;1490;844;3
1560;1490;897;3
1561;1490;1105;3
1562;1490;1489;3
1563;1256;250;2
1564;250;57;2
1565;1257;250;3
1566;1491;57;2
1567;1491;1256;2
1568;1491;250;2
1569;1491;1257;1
1570;1492;57;3
1571;1492;1256;3
1572;1492;250;3
1573;1492;1491;3
1574;1494;1191;2
1575;1494;1241;2
1576;1494;1280;2
1577;1494;1298;2
1578;1494;1336;2
1579;1494;1357;2
1580;1494;1406;2
1581;1494;1423;2
1582;1494;1449;2
1583;1494;1466;2
1584;1494;1467;1
1585;1495;1191;3
1586;1495;1241;3
1587;1495;1280;3
1588;1495;1298;3
1589;1495;1336;3
1590;1495;1357;3
1591;1495;1406;3
1592;1495;1423;3
1593;1495;1449;3
1594;1495;1466;3
1595;1495;1494;3
1596;1497;1192;2
1597;1497;1243;2
1598;1497;1346;2
1599;1497;1359;2
1600;1497;1369;2
1601;1497;1389;2
1602;1497;1408;2
1603;1497;1425;2
1604;1497;1459;2
1605;1497;1460;2
1606;1497;1473;2
1607;1497;1481;2
1608;1497;1482;1
1609;1498;1192;3
1610;1498;1243;3
1611;1498;1346;3
1612;1498;1359;3
1613;1498;1369;3
1614;1498;1389;3
1615;1498;1408;3
1616;1498;1425;3
1617;1498;1459;3
1618;1498;1460;3
1619;1498;1473;3
1620;1498;1481;3
1621;1498;1497;3
1622;1499;982;2
1623;1499;1073;2
1624;1499;1137;2
1625;1499;1287;2
1626;1499;1402;2
1627;1499;1428;2
1628;1499;1483;2
1629;1499;1484;1
1630;1500;982;3
1631;1500;1073;3
1632;1500;1137;3
1633;1500;1287;3
1634;1500;1402;3
1635;1500;1428;3
1636;1500;1483;3
1637;1500;1499;3
1638;1503;1502;6
1639;1504;630;2
1640;1504;740;2
1641;1504;963;2
1642;1504;1070;2
1643;1504;1140;2
1644;1504;1141;1
1645;1505;630;3
1646;1505;740;3
1647;1505;963;3
1648;1505;1070;3
1649;1505;1140;3
1650;1505;1504;3
1651;1506;785;2
1652;1506;862;2
1653;1506;1097;2
1654;1506;1154;2
1655;1506;1292;2
1656;1506;1441;2
1657;1506;1442;1
1658;1507;785;3
1659;1507;862;3
1660;1507;1097;3
1661;1507;1154;3
1662;1507;1292;3
1663;1507;1441;3
1664;1507;1506;3
1665;1508;140;1
1666;1508;340;1
1667;1509;187;1
1668;1509;461;1
1669;1510;551;2
1670;1510;805;2
1671;1510;906;2
1672;1510;1016;2
1673;1510;1017;1
1674;1511;551;3
1675;1511;805;3
1676;1511;906;3
1677;1511;1016;3
1678;1511;1510;3
1679;1512;1191;2
1680;1512;1241;2
1681;1512;1280;2
1682;1512;1298;2
1683;1512;1336;2
1684;1512;1357;2
1685;1512;1406;2
1686;1512;1423;2
1687;1512;1449;2
1688;1512;1466;2
1689;1512;1494;2
1690;1512;1495;1
1691;1513;1191;3
1692;1513;1241;3
1693;1513;1280;3
1694;1513;1298;3
1695;1513;1336;3
1696;1513;1357;3
1697;1513;1406;3
1698;1513;1423;3
1699;1513;1449;3
1700;1513;1466;3
1701;1513;1494;3
1702;1513;1512;3
1703;1514;1445;2
1704;1515;1445;3
1705;1515;1514;3
1706;1517;1446;2
1707;1517;1447;2
1708;1518;1446;3
1709;1518;1517;3
1710;1519;1447;3
1711;1519;1517;3
1712;1521;1162;2
1713;1521;1172;2
1714;1521;1173;2
1715;1521;1187;2
1716;1521;1289;2
1717;1521;1339;2
1718;1521;1348;2
1719;1521;1365;2
1720;1521;1366;2
1721;1521;1384;2
1722;1522;1162;3
1723;1522;1172;3
1724;1522;1173;3
1725;1522;1187;3
1726;1522;1289;3
1727;1522;1339;3
1728;1522;1348;3
1729;1522;1365;3
1730;1522;1366;3
1731;1522;1384;3
1732;1522;1521;3
1733;1523;1192;2
1734;1523;1243;2
1735;1523;1346;2
1736;1523;1359;2
1737;1523;1369;2
1738;1523;1389;2
1739;1523;1408;2
1740;1523;1425;2
1741;1523;1459;2
1742;1523;1460;2
1743;1523;1473;2
1744;1523;1481;2
1745;1523;1497;2
1746;1523;1498;1
1747;1524;1192;3
1748;1524;1243;3
1749;1524;1346;3
1750;1524;1359;3
1751;1524;1369;3
1752;1524;1389;3
1753;1524;1408;3
1754;1524;1425;3
1755;1524;1459;3
1756;1524;1460;3
1757;1524;1473;3
1758;1524;1481;3
1759;1524;1497;3
1760;1524;1523;3
1761;1526;1192;2
1762;1526;1243;2
1763;1526;1346;2
1764;1526;1359;2
1765;1526;1369;2
1766;1526;1389;2
1767;1526;1408;2
1768;1526;1425;2
1769;1526;1459;2
1770;1526;1460;2
1771;1526;1473;2
1772;1526;1481;2
1773;1526;1497;2
1774;1526;1523;2
1775;1526;1524;1
1776;1527;1192;3
1777;1527;1243;3
1778;1527;1346;3
1779;1527;1359;3
1780;1527;1369;3
1781;1527;1389;3
1782;1527;1408;3
1783;1527;1425;3
1784;1527;1459;3
1785;1527;1460;3
1786;1527;1473;3
1787;1527;1481;3
1788;1527;1497;3
1789;1527;1523;3
1790;1527;1526;3
1791;1528;1190;2
1792;1528;1212;2
1793;1528;1284;2
1794;1528;1320;2
1795;1528;1341;2
1796;1528;1457;2
1797;1528;1458;1
1798;1529;1190;3
1799;1529;1212;3
1800;1529;1284;3
1801;1529;1320;3
1802;1529;1341;3
1803;1529;1457;3
1804;1529;1528;3
1805;1531;1516;2
1806;2;1532;1
1807;2;1533;1
1808;711;680;2
1809;899;835;2
1810;899;860;2
1811;421;350;2
1815;690;512;2
1816;807;512;1
1817;807;690;1
1818;1153;807;1
1819;1508;93;1
1820;1462;1038;1
1822;1469;480;2
1823;1470;480;2
1824;703;543;2
1825;1077;543;2
1826;1077;707;2
1827;532;517;2
1828;476;463;2
1829;69;67;3
1830;552;495;1
1831;976;976;1
1832;975;515;1
1833;868;528;1
1834;909;868;2
1835;881;869;2
1836;878;864;1
1837;632;188;1
1838;282;36;1
1839;1204;1114;6
1840;1381;1085;1
1841;1381;1114;1
1842;1381;1204;1
1843;1380;611;6
1844;712;54;1
1845;705;622;6
1846;720;622;6
1847;720;705;6
1848;891;622;7
1849;891;705;7
1850;891;720;7
1851;1099;891;6
1852;1318;891;6
1853;1318;1277;6
1854;1064;679;1
1855;494;465;1
1856;839;494;1
1858;1087;1063;5
1859;856;560;2
1860;979;560;2
1861;979;856;2
1862;1081;935;6
1863;889;774;6
1864;688;395;6
1865;678;590;1
1866;903;52;2
1867;1190;52;1
1868;1190;903;1
1869;1191;1091;1
1870;1030;1005;2
1871;1031;1005;1
1872;1008;511;2
1873;1189;1035;1
1874;1189;1024;1
1875;1003;161;2
1876;681;620;2
1877;974;620;1
1878;974;681;1
1879;504;275;2
1880;923;676;6
1882;1117;904;6
1883;887;441;2
1884;85;80;5
1885;503;275;6
1886;504;503;6
1887;507;486;2
1888;149;59;6
1889;139;96;6
1890;338;148;1
1891;289;66;1
1892;163;76;6
1893;163;129;6
1894;224;76;2
1895;224;129;6
1896;1540;1192;2
1897;1540;1243;2
1898;1540;1346;2
1899;1540;1359;2
1900;1540;1369;2
1901;1540;1389;2
1902;1540;1408;2
1903;1540;1425;2
1904;1540;1459;2
1905;1540;1460;2
1906;1540;1473;2
1907;1540;1481;2
1908;1540;1497;2
1909;1540;1523;2
1910;1540;1526;2
1911;1540;1527;1
1912;1541;1192;3
1913;1541;1243;3
1914;1541;1346;3
1915;1541;1359;3
1916;1541;1369;3
1917;1541;1389;3
1918;1541;1408;3
1919;1541;1425;3
1920;1541;1459;3
1921;1541;1460;3
1922;1541;1473;3
1923;1541;1481;3
1924;1541;1497;3
1925;1541;1523;3
1926;1541;1526;3
1927;1541;1540;3
1928;1542;1190;2
1929;1542;1212;2
1930;1542;1284;2
1931;1542;1320;2
1932;1542;1341;2
1933;1542;1457;2
1934;1542;1528;2
1935;1542;1529;4
1936;1543;1190;3
1937;1543;1212;3
1938;1543;1284;3
1939;1543;1320;3
1940;1543;1341;3
1941;1543;1457;3
1942;1543;1528;3
1943;1543;1542;3
1944;1544;1453;1
1945;1545;566;1
1946;1546;1508;1
1947;1547;1433;1
1948;1550;785;2
1949;1550;862;2
1950;1550;1097;2
1951;1550;1154;2
1952;1550;1292;2
1953;1550;1441;2
1954;1550;1506;2
1955;1550;1507;1
1956;1551;785;3
1957;1551;862;3
1958;1551;1097;3
1959;1551;1154;3
1960;1551;1292;3
1961;1551;1441;3
1962;1551;1506;3
1963;1551;1550;3
1964;1552;360;1
1965;1516;1468;6
1966;1531;1468;6
1967;1560;1162;2
1968;1560;1172;2
1969;1560;1173;2
1970;1560;1187;2
1971;1560;1289;2
1972;1560;1339;2
1973;1560;1348;2
1974;1560;1365;2
1975;1560;1366;2
1976;1560;1521;2
1977;1560;1522;1
1978;1561;1560;5
1979;1562;1162;3
1980;1562;1172;3
1981;1562;1173;3
1982;1562;1187;3
1983;1562;1289;3
1984;1562;1339;3
1985;1562;1348;3
1986;1562;1365;3
1987;1562;1366;3
1988;1562;1384;3
1989;1562;1521;3
1990;1562;1560;3
1991;1564;339;1
1992;1564;629;1
1993;1565;282;1
1994;1565;395;1
1995;1566;1313;1
1996;1567;785;2
1997;1567;862;2
1998;1567;1097;2
1999;1567;1154;2
2000;1567;1292;2
2001;1567;1441;2
2002;1567;1506;2
2003;1567;1550;2
2004;1567;1551;1
2005;1568;785;3
2006;1568;862;3
2007;1568;1097;3
2008;1568;1154;3
2009;1568;1292;3
2010;1568;1441;3
2011;1568;1506;3
2012;1568;1550;3
2013;1568;1567;3
2014;1576;1190;2
2015;1576;1212;2
2016;1576;1284;2
2017;1576;1320;2
2018;1576;1341;2
2019;1576;1457;2
2020;1576;1528;2
2021;1576;1542;2
2022;1576;1543;1
2023;1577;1190;3
2024;1577;1212;3
2025;1577;1284;3
2026;1577;1320;3
2027;1577;1341;3
2028;1577;1457;3
2029;1577;1528;3
2030;1577;1542;3
2031;1577;1576;3
2033;1571;1455;1
2034;1575;1544;1
2061;1581;1190;2
2062;1581;1212;2
2063;1581;1284;2
2064;1581;1320;2
2065;1581;1341;2
2066;1581;1457;2
2067;1581;1528;2
2068;1581;1542;2
2069;1581;1576;2
2070;1581;1577;1
2071;1582;1190;3
2072;1582;1212;3
2073;1582;1284;3
2074;1582;1320;3
2075;1582;1341;3
2076;1582;1457;3
2077;1582;1528;3
2078;1582;1542;3
2079;1582;1576;3
2080;1582;1581;3
2081;1583;1192;2
2082;1583;1243;2
2083;1583;1346;2
2084;1583;1359;2
2085;1583;1369;2
2086;1583;1389;2
2087;1583;1408;2
2088;1583;1425;2
2089;1583;1459;2
2090;1583;1460;2
2091;1583;1473;2
2092;1583;1481;2
2093;1583;1497;2
2094;1583;1523;2
2095;1583;1526;2
2096;1583;1540;2
2097;1584;1192;3
2098;1584;1243;3
2099;1584;1346;3
2100;1584;1359;3
2101;1584;1369;3
2102;1584;1389;3
2103;1584;1408;3
2104;1584;1425;3
2105;1584;1459;3
2106;1584;1460;3
2107;1584;1473;3
2108;1584;1481;3
2109;1584;1497;3
2110;1584;1523;3
2111;1584;1526;3
2112;1584;1540;3
2113;1583;1541;1
2114;1584;1583;3
2115;1585;982;2
2116;1585;1073;2
2117;1585;1137;2
2118;1585;1287;2
2119;1585;1402;2
2120;1585;1428;2
2121;1585;1483;2
2122;1585;1499;2
2123;1585;1500;1
2124;1586;982;3
2125;1586;1073;3
2126;1586;1137;3
2127;1586;1287;3
2128;1586;1402;3
2129;1586;1428;3
2130;1586;1483;3
2131;1586;1499;3
2132;1586;1585;3
2133;1569;1189;2
2134;1570;1189;3
2135;1570;1569;3
2136;1466;1450;1
2137;1590;688;1
2138;1592;1573;2
2139;1593;1573;3
2140;1593;1592;3
2141;1594;1445;2
2142;1594;1514;2
2143;1594;1515;1
2144;1595;1445;3
2145;1595;1514;3
2146;1595;1594;3
2147;1608;1191;2
2148;1608;1241;2
2149;1608;1280;2
2150;1608;1298;2
2151;1608;1336;2
2152;1608;1357;2
2153;1608;1406;2
2154;1608;1423;2
2155;1608;1449;2
2156;1608;1466;2
2157;1608;1494;2
2158;1608;1512;2
2159;1608;1513;1
2160;1609;1191;3
2161;1609;1241;3
2162;1609;1280;3
2163;1609;1298;3
2164;1609;1336;3
2165;1609;1357;3
2166;1609;1406;3
2167;1609;1423;3
2168;1609;1449;3
2169;1609;1466;3
2170;1609;1494;3
2171;1609;1512;3
2172;1609;1608;3
2173;1611;1192;2
2174;1611;1243;2
2175;1611;1346;2
2176;1611;1359;2
2177;1611;1369;2
2178;1611;1389;2
2179;1611;1408;2
2180;1611;1425;2
2181;1611;1459;2
2182;1611;1460;2
2183;1611;1473;2
2184;1611;1481;2
2185;1611;1497;2
2186;1611;1523;2
2187;1611;1526;2
2188;1611;1540;2
2189;1611;1583;2
2190;1611;1584;1
2191;1612;1192;3
2192;1612;1243;3
2193;1612;1346;3
2194;1612;1359;3
2195;1612;1369;3
2196;1612;1389;3
2197;1612;1408;3
2198;1612;1425;3
2199;1612;1459;3
2200;1612;1460;3
2201;1612;1473;3
2202;1612;1481;3
2203;1612;1497;3
2204;1612;1523;3
2205;1612;1526;3
2206;1612;1540;3
2207;1612;1583;3
2208;1612;1611;3
2209;1613;712;1
2210;1617;1376;2
2211;1618;1376;2
2212;1618;1617;2
2213;1627;1190;2
2214;1627;1212;2
2215;1627;1284;2
2216;1627;1320;2
2217;1627;1341;2
2218;1627;1457;2
2219;1627;1528;2
2220;1627;1542;2
2221;1627;1576;2
2222;1627;1581;2
2223;1627;1582;1
2224;1628;1190;3
2225;1628;1212;3
2226;1628;1284;3
2227;1628;1320;3
2228;1628;1341;3
2229;1628;1457;3
2230;1628;1528;3
2231;1628;1542;3
2232;1628;1576;3
2233;1628;1581;3
2234;1628;1627;3
2235;1629;1191;2
2236;1629;1241;2
2237;1629;1280;2
2238;1629;1298;2
2239;1629;1336;2
2240;1629;1357;2
2241;1629;1406;2
2242;1629;1423;2
2243;1629;1449;2
2244;1629;1466;2
2245;1629;1494;2
2246;1629;1512;2
2247;1629;1608;2
2248;1629;1609;1
2249;1630;1191;3
2250;1630;1241;3
2251;1630;1280;3
2252;1630;1298;3
2253;1630;1336;3
2254;1630;1357;3
2255;1630;1406;3
2256;1630;1423;3
2257;1630;1449;3
2258;1630;1466;3
2259;1630;1494;3
2260;1630;1512;3
2261;1630;1608;3
2262;1630;1629;3
2263;1635;986;1
2264;1635;1404;1
2265;1635;1405;1
2266;1636;51;1
2267;1444;1081;1
